ENST00000344575,4,22-23,27-28
ENST00000706917,2,33-34,36-37
ENST00000296641,2,21-22,24-25
ENST00000650031,0,29-30,30-31
ENST00000303921,4,27-28,32-33
ENST00000358755,0,18-19,19-20
ENST00000367282,3,24-25,29-30
ENST00000286201,4,32-33,37-38
ENST00000266674,4,21-22,26-27
ENST00000259455,2,41-42,44-45
ENST00000541158,0,20-21,22-23
ENST00000294954,0,24-25,27-28
ENST00000406846,0,17-18,18-19
ENST00000475537,4,26-27,31-32
ENST00000324300,4,20-21,25-26
ENST00000319211,4,22-23,27-28
ENST00000394441,4,24-25,29-30
ENST00000325123,0,30-31,31-32
ENST00000246657,4,24-25,29-30
ENST00000398285,1,23-24,25-26
ENST00000304166,0,20-21,21-22
ENST00000262178,0,20-21,21-22
ENST00000373256,4,23-24,28-29
ENST00000400723,1,26-27,27-28
ENST00000019103,0,27-28,28-29
ENST00000590918,2,25-26,28-29
ENST00000242786,3,20-21,24-25
ENST00000272847,4,24-25,29-30
ENST00000296677,1,24-25,26-27
ENST00000326139,0,22-23,23-24
ENST00000313049,4,22-23,27-28
ENST00000295417,0,26-27,27-28
ENST00000312053,4,20-21,25-26
ENST00000315323,4,23-24,28-29
ENST00000395052,0,18-19,19-20
ENST00000357716,1,34-35,36-37
ENST00000361669,1,24-25,26-27
ENST00000538487,4,32-33,37-38
ENST00000410068,4,22-23,27-28
ENST00000371253,4,17-18,22-23
ENST00000310357,3,18-19,22-23
ENST00000261654,2,28-29,31-32
ENST00000339381,1,20-21,22-23
ENST00000333172,4,20-21,25-26
ENST00000706946,4,18-19,23-24
ENST00000333493,3,20-21,24-25
ENST00000283303,4,21-22,26-27
ENST00000340339,0,21-22,22-23
ENST00000379869,5,37-38,43-44
ENST00000375371,2,21-22,24-25
ENST00000298386,2,36-37,39-40
ENST00000248076,4,18-19,23-24
ENST00000249373,1,31-32,33-34
ENST00000379214,1,24-25,26-27
ENST00000253673,1,22-23,24-25
ENST00000374694,0,24-25,28-29
ENST00000370742,0,19-20,20-21
ENST00000367278,4,24-25,29-30
ENST00000307765,0,22-23,23-24
ENST00000240093,0,17-18,23-24
ENST00000392629,0,23-24,24-25
ENST00000243673,4,16-17,21-22
ENST00000569847,0,27-28,29-30
ENST00000706533,4,19-20,24-25
ENST00000315576,3,23-24,27-28
ENST00000531380,4,36-37,41-42
ENST00000229030,4,20-21,25-26
ENST00000565976,0,25-26,26-27
ENST00000380314,2,36-37,39-40
ENST00000379873,5,37-38,43-44
ENST00000357991,5,37-38,43-44
ENST00000357544,1,37-38,39-40
ENST00000360279,5,37-38,43-44
ENST00000356606,5,37-38,43-44
ENST00000379876,5,37-38,43-44
ENST00000379878,1,37-38,39-40
ENST00000389858,1,24-25,26-27
ENST00000358600,3,20-21,24-25
ENST00000357355,3,20-21,24-25
ENST00000392965,3,23-24,27-28
ENST00000601345,3,23-24,27-28
ENST00000443157,0,22-23,23-24
ENST00000344373,0,22-23,23-24
ENST00000579344,4,18-19,23-24
ENST00000405626,0,24-25,27-28
ENST00000304421,0,17-18,18-19
ENST00000358556,4,20-21,25-26
ENST00000536515,4,21-22,26-27
ENST00000540815,4,21-22,26-27
ENST00000535015,1,28-29,30-31
ENST00000402066,3,20-21,24-25
ENST00000427125,4,22-23,27-28
ENST00000263281,2,25-26,28-29
ENST00000570996,1,26-27,27-28
ENST00000535671,0,27-28,29-30
ENST00000566822,0,27-28,29-30
ENST00000570142,0,27-28,29-30
ENST00000351136,4,20-21,25-26
ENST00000439731,0,30-31,31-32
ENST00000377016,4,19-20,24-25
ENST00000377012,4,29-30,34-35
ENST00000539203,4,16-17,21-22
ENST00000396211,0,20-21,21-22
ENST00000409363,0,20-21,21-22
ENST00000358373,2,33-34,36-37
ENST00000442933,0,18-19,19-20
ENST00000250572,4,20-21,25-26
ENST00000381407,4,20-21,25-26
ENST00000450315,4,20-21,25-26
ENST00000381404,4,20-21,25-26
ENST00000352855,3,23-24,27-28
ENST00000398285,1,23-24,25-26
ENST00000486284,1,34-35,36-37
