transcript_id	uniprot_id	gpcr_class	TMD1_start	TMD1_end	TMD2_start	TMD2_end	TMD3_start	TMD3_end	TMD4_start	TMD4_end	TMD5_start	TMD5_end	TMD6_start	TMD6_end	TMD7_start	TMD7_end
ENST00000246553	O14842	A_nonolfactory	9	31	42	64	80	101	122	142	179	200	224	248	257	279
ENST00000594310	O14843	A_nonolfactory	20	40	48	68	89	111	133	153	179	199	223	243	259	279
ENST00000408922	O95007	A_olfactory	26	46	55	75	100	120	140	160	197	217	236	256	270	290
ENST00000315453	O95047	A_olfactory	25	48	57	78	100	119	139	157	195	218	236	258	272	291
ENST00000304936	O95371	A_olfactory	26	49	58	79	101	120	140	158	197	219	237	259	273	292
ENST00000383640	O95918	A_olfactory	24	47	56	77	99	118	138	156	194	217	235	257	271	290
ENST00000323865	P08908	A_nonolfactory	37	62	74	98	111	132	153	178	192	217	346	367	379	403
ENST00000373306	P21452	A_nonolfactory	33	56	70	90	108	129	150	170	197	218	252	272	291	310
ENST00000295683	P25024	A_nonolfactory	40	66	76	96	112	133	155	174	200	220	243	264	286	308
ENST00000542664	P28223	A_nonolfactory	76	99	111	132	149	171	192	215	234	254	325	346	363	384
ENST00000304222	P29275	A_nonolfactory	9	33	44	67	79	101	122	144	179	203	236	259	268	291
ENST00000299766	P32245	A_nonolfactory	44	69	82	106	124	145	166	186	192	215	249	271	281	304
ENST00000324750	P33032	A_nonolfactory	38	61	74	97	115	138	156	179	187	211	240	265	274	297
ENST00000336152	P34969	A_nonolfactory	84	104	118	138	158	178	202	222	237	257	326	346	368	388
ENST00000293897	P35346	A_nonolfactory	39	66	77	101	114	135	158	178	198	222	248	273	284	308
ENST00000258400	P41595	A_nonolfactory	57	79	91	113	130	151	172	192	217	239	325	345	361	382
ENST00000275169	P46095	A_nonolfactory	75	94	107	130	143	164	186	205	231	249	278	304	310	331
ENST00000573901	P47893	A_olfactory	36	58	67	88	110	129	150	167	206	229	247	270	282	301
ENST00000367126	P47901	A_nonolfactory	36	59	72	93	109	130	152	173	202	222	284	303	322	341
ENST00000244623	P58173	A_olfactory	26	49	58	79	101	120	140	158	196	219	237	259	273	292
ENST00000623183	P58182	A_olfactory	24	44	53	73	98	118	138	158	196	215	237	257	271	291
ENST00000332690	P59551	Taste	8	28	41	61	89	109	129	149	184	204	235	255	265	285
ENST00000327606	Q01718	A_nonolfactory	24	49	59	79	105	126	148	168	181	199	218	244	257	278
ENST00000377888	Q13639	A_nonolfactory	20	40	59	79	94	116	138	158	193	213	261	281	295	315
ENST00000297913	Q15612	A_olfactory	26	49	58	79	101	120	140	158	196	219	237	259	273	292
ENST00000408896	Q15619	A_olfactory	26	49	58	79	101	120	140	158	196	219	237	259	273	292
ENST00000535815	Q15743	A_nonolfactory	22	46	59	80	96	117	137	158	184	205	229	249	264	284
ENST00000368122	Q16570	A_nonolfactory	64	84	96	116	130	153	167	187	208	228	245	265	288	308
ENST00000570682	Q6DWJ6	A_nonolfactory	30	50	66	86	103	123	149	169	182	202	229	249	269	289
ENST00000408979	Q6IF42	A_olfactory	25	48	57	78	100	119	139	157	195	218	236	258	272	291
ENST00000456448	Q6IFN5	A_olfactory	44	64	73	93	118	138	158	178	216	235	256	276	290	310
ENST00000332314	Q86SM5	A_nonolfactory	14	34	43	63	79	99	121	141	164	184	196	216	222	242
ENST00000389740	Q86SP6	A_nonolfactory	36	56	70	90	110	132	156	176	190	210	311	331	343	363
ENST00000641311	Q8N162	A_olfactory	27	47	56	76	100	120	140	160	198	217	238	258	272	292
ENST00000284674	Q8NDV2	A_nonolfactory	11	31	48	68	82	102	124	144	169	189	246	266	277	297
ENST00000308682	Q8NG98	A_olfactory	26	46	55	75	100	120	140	160	198	217	238	258	272	292
ENST00000300127	Q8NGJ1	A_olfactory	26	49	58	79	101	120	140	158	196	219	236	258	270	289
ENST00000378397	Q8NGL0	A_olfactory	26	46	55	75	100	120	140	160	197	217	238	258	272	292
ENST00000307033	Q8NGN0	A_olfactory	26	49	58	79	101	120	140	158	196	219	236	258	270	289
ENST00000641137	Q8NGU4	A_olfactory	26	49	58	79	101	120	140	158	197	220	238	260	274	293
ENST00000329773	Q96LB1	A_nonolfactory	34	54	64	84	97	117	145	165	185	205	229	249	265	285
ENST00000641268	Q8NGX2	A_olfactory	27	50	59	80	102	120	140	158	196	219	237	259	273	292
ENST00000623167	Q8NGY0	A_olfactory	42	62	71	91	116	136	156	176	214	233	254	274	285	305
ENST00000328570	Q8NH02	A_olfactory	30	53	62	83	105	124	144	162	200	223	241	263	277	296
ENST00000641652	Q8NH04	A_olfactory	23	43	61	83	98	118	140	160	198	218	245	265	272	292
ENST00000316368	Q8NHA4	A_olfactory	26	49	58	79	101	120	140	158	196	218	236	258	272	291
ENST00000641551	Q8NHB1	A_olfactory	32	52	59	79	100	120	150	170	199	219	239	259	273	293
ENST00000641545	Q8NHC6	A_olfactory	44	64	73	93	118	138	152	172	215	235	256	276	290	310
ENST00000396952	Q8TCB6	A_olfactory	32	52	61	81	101	123	146	166	199	219	240	260	276	296
ENST00000368318	Q8TDU9	A_nonolfactory	44	64	79	99	117	137	155	175	210	230	250	270	282	302
ENST00000683809	Q92633	A_nonolfactory	51	75	84	107	122	144	164	184	205	225	256	280	295	315
ENST00000302581	Q96R09	A_olfactory	24	47	56	77	99	118	138	156	194	217	235	257	271	290
ENST00000641693	Q96R48	A_olfactory	25	48	57	78	101	120	140	158	197	219	237	259	273	292
ENST00000641451	Q96RD0	A_olfactory	26	46	55	75	100	120	140	160	198	217	238	258	271	291
ENST00000616002	Q99679	A_nonolfactory	33	53	76	96	105	125	148	168	192	212	253	273	284	304
ENST00000229955	Q9BZJ6	A_nonolfactory	82	104	116	138	158	177	197	216	241	263	316	338	353	375
ENST00000329858	Q9H1C0	A_nonolfactory	27	47	56	76	97	117	137	157	188	208	240	260	277	297
ENST00000299454	Q9H207	A_olfactory	27	47	56	76	101	121	141	161	199	218	239	259	273	293
ENST00000299459	Q9H210	A_olfactory	26	49	58	79	101	120	140	158	196	219	237	259	271	290
ENST00000439028	Q9H228	A_nonolfactory	41	61	71	91	112	132	152	172	193	213	253	273	288	308
ENST00000396950	Q9H255	A_olfactory	25	45	54	74	99	119	139	159	196	216	237	257	273	293
ENST00000641270	Q9H2C8	A_olfactory	35	55	64	84	109	129	149	169	206	226	247	267	283	303
ENST00000256906	Q9H3N8	A_nonolfactory	20	40	53	73	88	108	132	152	173	193	305	325	342	362
ENST00000542587	Q9HBW0	A_nonolfactory	31	51	67	87	101	123	144	164	186	206	240	260	277	294
ENST00000537503	Q9NYV8	Taste	8	28	56	76	88	108	130	150	185	205	233	253	262	282
ENST00000228887	Q9NZD1	C	28	48	64	84	94	114	124	144	168	188	205	225	240	260
ENST00000641202	Q9NZP2	A_olfactory	24	44	53	73	98	118	138	158	196	215	236	256	270	290
ENST00000396806	Q9UGF7	A_olfactory	24	44	53	73	98	118	138	158	196	215	237	257	271	291
ENST00000614798	Q9Y271	A_nonolfactory	29	49	58	78	107	127	142	162	194	214	231	251	277	297
ENST00000367685	Q9Y2T5	A_nonolfactory	45	65	88	108	117	137	160	180	204	224	266	286	297	317
ENST00000377175	Q9Y3N9	A_olfactory	26	49	58	79	101	120	140	158	196	219	237	259	273	292
ENST00000624187	Q9Y5P1	A_olfactory	24	44	53	73	98	118	138	158	195	215	236	256	272	292
ENST00000258456	Q9Y5Y3	A_nonolfactory	39	59	76	96	110	130	150	170	199	219	269	289	306	326
ENST00000343399	A6NCV1	A_olfactory	24	44	64	84	96	116	141	161	195	215	238	258	270	290
ENST00000710310	Q8NGJ3	A_olfactory	25	45	54	74	99	119	139	159	196	215	236	256	272	292
ENST00000315519	Q8NGC7	A_olfactory	44	64	73	93	118	138	158	178	216	235	256	276	290	310
ENST00000708727	Q8NGC8	A_olfactory	25	45	58	78	98	118	143	163	202	222	245	265	272	292
ENST00000641082	Q8NGC9	A_olfactory	36	56	65	85	110	130	150	170	208	227	248	268	282	302
ENST00000315957	Q8NGD0	A_olfactory	26	49	58	79	101	120	140	158	196	219	238	260	272	291
ENST00000315947	Q8NGD1	A_olfactory	26	49	58	79	101	120	140	158	196	219	236	258	270	289
ENST00000298642	Q8NGD2	A_olfactory	26	49	58	79	101	120	140	158	196	219	236	258	270	289
ENST00000315915	Q8NGD3	A_olfactory	26	49	58	79	101	120	140	158	196	219	236	258	270	289
ENST00000285600	Q8NGD4	A_olfactory	26	49	58	79	101	120	140	158	196	219	236	258	270	289
ENST00000641793	Q8NGD5	A_olfactory	26	49	59	80	102	121	141	159	197	220	237	259	271	290
ENST00000310248	Q8NGE0	A_olfactory	26	46	56	76	101	121	141	161	199	218	239	259	273	293
ENST00000394256	Q8NGE1	A_olfactory	24	44	53	73	98	118	138	158	196	215	236	256	270	290
ENST00000641114	Q8NGE2	A_olfactory	24	47	56	77	99	118	138	156	194	217	235	257	271	290
ENST00000309675	Q8NGE3	A_olfactory	26	46	55	75	101	121	141	161	199	218	239	259	273	293
ENST00000326258	Q8NGE5	A_olfactory	26	46	55	75	100	120	140	160	198	217	238	258	272	292
ENST00000641329	Q8NGE7	A_olfactory	50	74	84	104	123	145	169	191	222	247	270	285	296	313
ENST00000641962	Q8NGE8	A_olfactory	26	49	58	79	101	120	140	158	196	219	236	258	270	289
ENST00000641291	Q8NGE9	A_olfactory	26	46	55	75	100	120	140	160	198	217	238	258	272	292
ENST00000345043	Q8NGF0	A_olfactory	46	66	75	95	120	139	159	179	216	236	257	277	294	314
ENST00000624978	Q8NGF1	A_olfactory	29	49	58	78	103	123	143	163	200	220	241	261	277	297
ENST00000357605	Q8NGF3	A_olfactory	39	59	68	88	113	133	153	173	210	230	251	271	286	306
ENST00000544374	Q8NGF4	A_olfactory	35	55	57	77	105	125	136	156	211	231	246	266	279	299
ENST00000395079	Q8NGF6	A_olfactory	17	37	46	66	91	111	131	151	189	208	229	249	263	283
ENST00000357377	Q8NGF7	A_olfactory	24	44	53	73	98	118	138	158	195	215	236	256	270	290
ENST00000309562	Q8NGF8	A_olfactory	24	47	56	77	99	118	138	156	194	217	234	256	268	287
ENST00000624868	Q8NGF9	A_olfactory	18	41	50	71	93	112	132	150	188	211	228	250	262	281
ENST00000642058	Q8NGG0	A_olfactory	26	46	55	75	100	120	140	160	198	217	238	258	272	292
ENST00000573647	Q8NGG2	A_olfactory	65	85	94	114	139	159	179	199	236	256	277	297	311	331
ENST00000575738	Q8NGG3	A_olfactory	56	76	85	105	130	150	170	190	227	247	268	288	302	322
ENST00000313022	Q8NGG4	A_olfactory	26	46	55	75	99	119	139	159	197	216	237	257	271	291
ENST00000279783	Q8NGG5	A_olfactory	32	52	61	81	106	126	146	166	204	223	244	264	278	298
ENST00000306842	Q8NGG6	A_olfactory	25	45	54	74	99	119	139	159	197	216	237	257	271	291
ENST00000642111	Q8NGG7	A_olfactory	46	66	78	100	117	137	151	171	223	243	261	281	288	308
ENST00000641139	Q8NGG8	A_olfactory	26	46	55	75	100	120	140	160	198	217	238	258	271	291
ENST00000317834	Q8NGH3	A_olfactory	42	65	74	95	117	136	156	174	212	235	253	275	289	308
ENST00000641900	Q8NGH5	A_olfactory	33	53	62	82	107	127	147	167	204	224	245	265	281	301
ENST00000332249	Q8NGH7	A_olfactory	44	64	73	93	118	138	158	178	215	235	256	276	292	312
ENST00000641279	Q8NGH8	A_olfactory	29	49	58	78	103	123	143	163	200	220	241	261	277	297
ENST00000641726	Q8NGH9	A_olfactory	28	48	57	77	102	122	142	162	199	218	239	259	275	295
ENST00000317037	Q8NGI0	A_olfactory	28	48	57	77	102	122	142	162	199	219	240	260	277	297
ENST00000641377	Q8NGI1	A_olfactory	35	55	64	84	109	129	149	169	206	226	247	267	282	302
ENST00000641350	Q8NGI2	A_olfactory	28	48	57	77	102	122	142	162	199	219	240	260	277	297
ENST00000317121	Q8NGI3	A_olfactory	35	55	64	84	109	129	149	169	206	226	247	267	282	302
ENST00000313253	Q8NGI4	A_olfactory	26	49	58	79	101	120	140	158	196	219	236	258	270	289
ENST00000530162	Q8NGI6	A_olfactory	26	49	58	79	101	120	140	158	196	219	236	258	270	289
ENST00000307552	Q8NGI7	A_olfactory	26	46	55	75	101	121	141	161	199	218	239	259	273	293
ENST00000313940	Q8NGI8	A_olfactory	27	47	56	76	101	121	135	155	198	218	239	259	273	293
ENST00000641673	Q8NGI9	A_olfactory	27	47	56	76	101	121	135	155	198	218	239	259	273	293
ENST00000641045	Q8NGJ0	A_olfactory	29	52	61	82	104	123	143	161	199	222	240	262	276	295
ENST00000641796	Q8NGJ2	A_olfactory	33	53	60	80	102	122	150	170	198	218	243	263	276	296
ENST00000321522	Q8NGJ4	A_olfactory	28	48	57	77	102	122	142	162	199	218	239	259	275	295
ENST00000641819	Q8NGJ5	A_olfactory	28	48	57	77	102	122	142	162	199	219	240	260	276	296
ENST00000641898	Q8NGJ6	A_olfactory	28	48	57	77	102	122	142	162	199	218	239	259	275	295
ENST00000380371	Q8NGJ7	A_olfactory	28	48	57	77	102	122	142	162	199	218	239	259	275	295
ENST00000322101	Q8NGJ8	A_olfactory	34	54	63	83	108	128	148	168	204	224	245	265	281	301
ENST00000322049	Q8NGJ9	A_olfactory	28	48	57	77	102	122	142	162	199	219	240	260	276	296
ENST00000641926	Q8NGK0	A_olfactory	31	51	60	80	105	125	145	165	202	222	243	263	279	299
ENST00000623849	Q8NGK1	A_olfactory	28	48	57	77	102	122	142	162	199	219	240	260	276	296
ENST00000624801	Q8NGK2	A_olfactory	28	48	57	77	102	122	142	162	199	219	240	260	276	296
ENST00000325719	Q8NGK3	A_olfactory	28	48	57	77	102	122	142	162	199	219	240	260	276	296
ENST00000641528	Q8NGK4	A_olfactory	28	48	57	77	102	122	142	162	199	219	240	260	276	296
ENST00000360213	Q8NGK5	A_olfactory	28	48	57	77	102	122	142	162	200	220	241	261	277	297
ENST00000530443	Q8NGK6	A_olfactory	30	50	59	79	104	124	144	164	201	221	242	262	279	299
ENST00000378396	Q8NGK9	A_olfactory	28	48	57	77	102	122	142	162	199	219	240	260	274	294
ENST00000333976	Q8NGL1	A_olfactory	27	47	56	76	101	121	141	161	198	218	239	259	273	293
ENST00000625203	Q8NGL2	A_olfactory	26	46	55	75	100	120	140	160	197	217	238	258	272	292
ENST00000335605	Q8NGL3	A_olfactory	28	48	57	77	102	122	142	162	199	219	240	260	274	294
ENST00000623930	Q8NGL4	A_olfactory	28	48	57	77	102	122	142	162	199	219	240	260	274	294
ENST00000641526	Q8NGL6	A_olfactory	54	77	86	107	129	148	168	186	224	247	264	286	298	317
ENST00000641760	Q8NGL7	A_olfactory	24	47	56	77	99	118	138	156	194	217	234	256	268	287
ENST00000623907	Q8NGL9	A_olfactory	24	47	56	77	99	118	138	156	194	217	234	256	268	287
ENST00000642128	Q8NGM1	A_olfactory	24	47	57	78	100	119	139	157	195	217	235	257	269	288
ENST00000309154	Q8NGM8	A_olfactory	24	44	53	73	98	118	138	158	195	214	235	255	269	289
ENST00000321355	Q8NGM9	A_olfactory	26	46	55	75	100	120	140	160	198	217	238	258	272	292
ENST00000321252	Q8NGN1	A_olfactory	26	46	55	75	100	120	140	160	198	217	238	258	272	292
ENST00000641123	Q8NGN2	A_olfactory	39	59	68	88	114	134	154	174	212	231	252	272	284	304
ENST00000641722	Q8NGN3	A_olfactory	24	44	53	73	99	119	139	159	197	216	237	257	269	289
ENST00000375024	Q8NGN4	A_olfactory	24	44	53	73	99	119	139	159	197	216	237	257	269	289
ENST00000431524	Q8NGN5	A_olfactory	24	44	53	73	99	119	139	159	197	216	237	257	269	289
ENST00000641585	Q8NGN6	A_olfactory	24	44	53	73	99	119	139	159	197	216	237	257	269	289
ENST00000555099	Q8NGP0	A_olfactory	24	47	56	77	99	118	138	156	194	217	234	256	268	287
ENST00000303039	Q8NGP2	A_olfactory	26	46	55	75	100	120	140	160	198	217	238	258	273	293
ENST00000279791	Q8NGP3	A_olfactory	24	44	53	73	98	118	138	158	195	215	236	256	270	290
ENST00000641993	Q8NGP4	A_olfactory	24	44	53	73	98	118	138	158	195	215	236	256	270	290
ENST00000327216	Q8NGP6	A_olfactory	25	45	54	74	99	119	139	159	196	216	237	257	271	291
ENST00000641076	Q8NGP8	A_olfactory	26	46	55	75	100	120	140	160	197	217	238	258	272	292
ENST00000624596	Q8NGP9	A_olfactory	29	49	59	79	101	120	140	160	206	226	240	260	272	292
ENST00000575017	Q8NGQ1	A_olfactory	44	64	72	92	114	134	153	173	213	233	253	273	287	307
ENST00000302622	Q8NGQ2	A_olfactory	28	48	57	77	104	124	144	164	202	221	242	262	276	296
ENST00000641683	Q8NGQ3	A_olfactory	39	62	71	92	114	133	153	171	209	232	250	272	286	305
ENST00000316770	Q8NGQ4	A_olfactory	30	50	59	79	104	124	144	164	203	222	243	263	277	297
ENST00000612174	Q8NGQ5	A_olfactory	26	46	55	75	100	120	140	160	198	217	237	257	271	291
ENST00000641478	Q8NGQ6	A_olfactory	26	46	55	75	100	120	140	160	198	217	238	258	272	292
ENST00000536058	Q8NGR1	A_olfactory	44	64	73	93	118	138	158	178	216	235	256	276	290	310
ENST00000373684	Q8NGR2	A_olfactory	63	86	95	116	138	157	177	195	234	256	274	296	310	329
ENST00000277309	Q8NGR3	A_olfactory	27	50	59	80	102	121	141	159	198	220	238	260	274	293
ENST00000373680	Q8NGR4	A_olfactory	30	50	59	79	104	124	144	164	201	221	242	262	276	296
ENST00000259466	Q8NGR5	A_olfactory	27	50	59	80	102	121	141	159	198	220	238	260	274	293
ENST00000641027	Q8NGR8	A_olfactory	27	50	59	80	102	121	141	159	198	220	238	260	273	292
ENST00000373688	Q8NGR9	A_olfactory	29	49	61	81	101	121	146	166	200	220	244	264	275	295
ENST00000304820	Q8NH93	A_olfactory	26	49	58	79	101	120	140	158	197	219	237	259	272	291
ENST00000315683	Q8NH43	A_olfactory	26	49	58	79	101	120	140	158	196	219	236	258	270	289
ENST00000304880	Q8NGS0	A_olfactory	24	47	56	77	99	118	138	156	195	217	235	257	271	290
ENST00000340750	Q8NGS1	A_olfactory	26	49	58	79	101	120	140	158	196	219	237	259	273	292
ENST00000335302	Q8NGS2	A_olfactory	26	49	58	79	101	120	140	158	197	219	237	259	273	292
ENST00000259357	Q8NGS3	A_olfactory	26	49	58	79	101	120	140	158	197	219	237	259	273	292
ENST00000334726	Q8NGS4	A_olfactory	26	46	55	75	100	120	140	160	198	217	238	258	272	292
ENST00000277216	Q8NGS5	A_olfactory	26	46	55	75	100	120	140	160	198	217	238	258	278	298
ENST00000641090	Q8NGS6	A_olfactory	56	76	85	105	130	150	170	190	228	247	268	288	308	328
ENST00000335040	Q8NGS7	A_olfactory	26	46	55	75	100	120	140	160	198	217	238	258	278	298
ENST00000374779	Q8NGS8	A_olfactory	26	46	55	75	100	120	140	160	198	217	238	258	278	298
ENST00000542196	Q8NGS9	A_olfactory	26	46	55	75	100	120	140	160	198	217	238	258	278	298
ENST00000259362	Q8NGT0	A_olfactory	26	46	55	75	100	120	140	160	198	217	238	258	278	298
ENST00000302681	Q8NGT1	A_olfactory	21	41	66	86	98	118	144	164	200	220	239	259	271	291
ENST00000377981	Q8NGT2	A_olfactory	26	46	55	75	100	120	140	160	198	217	238	258	272	292
ENST00000350513	Q8NGT5	A_olfactory	25	47	58	83	95	116	138	160	193	218	237	256	268	285
ENST00000408949	Q8NGT7	A_olfactory	25	48	57	78	100	119	139	157	195	218	236	258	272	291
ENST00000641044	Q8NGT9	A_olfactory	25	48	57	78	100	119	139	157	196	218	236	258	272	291
ENST00000548136	Q8NGU2	A_olfactory	25	45	54	74	100	120	140	160	198	217	238	258	272	292
ENST00000380007	Q8NGU9	A_nonolfactory	4	24	44	64	82	102	163	183	238	258	294	314	335	355
ENST00000307832	Q8NGV0	A_olfactory	26	49	58	79	101	120	140	158	195	218	236	258	272	291
ENST00000641530	Q8NGV5	A_olfactory	58	78	87	107	132	152	172	192	230	249	270	290	304	324
ENST00000642105	Q8NGV6	A_olfactory	42	62	71	91	116	136	156	176	213	233	254	274	288	308
ENST00000355273	Q8NGV7	A_olfactory	29	49	57	77	98	118	144	164	194	214	240	260	272	292
ENST00000641019	Q8NGW1	A_olfactory	26	46	55	75	100	120	140	160	197	217	238	258	272	292
ENST00000641861	Q8NGW6	A_olfactory	54	74	83	103	128	148	168	188	225	244	265	285	299	319
ENST00000355784	Q8NGX0	A_olfactory	26	46	55	75	100	120	140	160	198	217	238	258	272	292
ENST00000328782	Q8NGX1	A_olfactory	31	54	63	84	106	125	145	163	201	224	242	264	278	297
ENST00000334438	Q8NGX3	A_olfactory	27	47	56	76	101	121	141	161	199	218	238	258	272	292
ENST00000641971	Q8NGX5	A_olfactory	26	46	55	75	100	120	140	160	198	217	238	258	272	292
ENST00000641400	Q8NGX6	A_olfactory	46	66	75	95	120	140	160	180	218	237	258	278	292	312
ENST00000641622	Q8NGX8	A_olfactory	31	51	60	80	105	125	145	165	203	222	243	263	277	297
ENST00000641540	Q8NGX9	A_olfactory	26	46	55	75	100	120	140	160	198	217	238	258	272	292
ENST00000641002	Q8NGY1	A_olfactory	26	46	55	75	100	120	140	160	198	217	238	258	272	292
ENST00000359610	Q8NGY2	A_olfactory	26	46	55	75	99	119	139	159	199	218	239	259	273	293
ENST00000368146	Q8NGY3	A_olfactory	42	62	71	91	116	136	156	176	213	232	253	273	287	307
ENST00000641846	Q8NGY5	A_olfactory	26	46	55	75	100	120	140	160	198	217	238	258	272	292
ENST00000641131	Q8NGY6	A_olfactory	26	46	55	75	100	120	140	160	198	217	238	258	272	292
ENST00000623922	Q8NGY9	A_olfactory	25	48	57	78	100	119	139	157	195	218	236	258	272	291
ENST00000318244	Q8NGZ0	A_olfactory	26	49	58	79	101	120	140	158	196	219	237	259	273	292
ENST00000283225	Q8NGZ2	A_olfactory	24	44	53	73	98	118	132	152	195	215	236	256	270	290
ENST00000556246	Q8NH07	A_olfactory	45	65	73	93	113	133	159	179	217	237	260	280	288	308
ENST00000642119	Q8NGZ3	A_olfactory	23	43	52	72	97	117	137	157	195	214	235	255	269	289
ENST00000320002	Q8NGZ4	A_olfactory	26	49	58	79	101	120	140	158	196	219	237	259	273	292
ENST00000320065	Q8NGZ5	A_olfactory	29	52	61	82	104	123	143	161	199	222	240	262	276	295
ENST00000641470	Q8NGZ6	A_olfactory	26	46	55	75	100	120	140	160	198	217	238	258	272	292
ENST00000330500	Q8NGZ9	A_olfactory	26	49	58	79	101	120	140	158	196	219	237	259	273	292
ENST00000621754	Q8NH00	A_olfactory	58	81	90	111	133	152	172	190	228	251	269	291	305	324
ENST00000641193	Q8NH01	A_olfactory	23	46	55	76	98	117	137	155	193	216	234	256	270	289
ENST00000359594	Q8NH03	A_olfactory	31	54	63	84	106	125	145	163	201	224	242	264	278	297
ENST00000642117	Q8NH05	A_olfactory	26	49	59	80	102	121	141	159	197	220	237	259	271	290
ENST00000641651	Q8NH09	A_olfactory	26	46	55	75	100	120	140	160	198	217	238	258	270	290
ENST00000302270	Q8NH10	A_olfactory	26	46	55	75	100	120	140	160	198	217	238	258	272	292
ENST00000366479	Q8NH16	A_olfactory	25	48	57	78	100	119	139	157	195	218	236	258	272	291
ENST00000312298	Q8NH18	A_olfactory	26	46	55	75	100	120	140	160	197	217	238	258	272	292
ENST00000312345	Q8NH19	A_olfactory	17	37	46	66	91	111	131	151	189	208	229	249	263	283
ENST00000641515	Q8NH21	A_olfactory	19	42	51	72	94	113	133	151	189	212	229	251	263	282
ENST00000319856	Q8NH37	A_olfactory	24	47	56	77	99	118	138	156	194	217	234	256	268	287
ENST00000320704	Q8NH40	A_olfactory	30	50	60	80	100	120	148	168	208	228	243	263	275	295
ENST00000305051	Q8NH41	A_olfactory	26	49	58	79	101	120	140	158	196	219	236	258	270	289
ENST00000641904	Q8NH42	A_olfactory	26	49	58	79	101	120	140	158	196	219	236	258	270	289
ENST00000641865	Q8NH48	A_olfactory	24	44	53	73	98	118	132	152	195	215	236	256	270	290
ENST00000320048	Q8NH49	A_olfactory	24	47	56	77	99	118	138	156	194	217	234	256	268	287
ENST00000313447	Q8NH50	A_olfactory	26	46	55	75	100	120	140	160	198	217	238	258	272	292
ENST00000641689	Q8NH51	A_olfactory	26	46	55	75	100	120	140	160	198	217	237	257	271	291
ENST00000641645	Q8NH53	A_olfactory	28	48	57	77	102	122	142	162	199	219	240	260	277	297
ENST00000641905	Q8NH54	A_olfactory	30	50	59	79	104	124	144	164	201	221	242	262	278	298
ENST00000610445	Q8NH55	A_olfactory	31	51	57	77	102	122	145	165	196	216	239	259	273	293
ENST00000300778	Q8NH59	A_olfactory	28	48	57	77	102	122	142	162	199	219	240	260	276	296
ENST00000380370	Q8NH60	A_olfactory	28	48	57	77	102	122	142	162	199	218	239	259	275	295
ENST00000641672	Q8NH61	A_olfactory	40	60	69	89	114	134	154	174	211	231	252	272	288	308
ENST00000359350	Q8NH64	A_olfactory	26	46	55	75	100	120	140	160	197	216	237	257	273	293
ENST00000641896	Q8NH67	A_olfactory	56	76	85	105	130	150	170	190	227	247	268	288	305	325
ENST00000344514	Q8NH69	A_olfactory	26	46	55	75	100	120	140	160	197	217	238	258	272	292
ENST00000314721	Q8NH70	A_olfactory	24	47	56	77	99	118	138	156	194	217	234	256	268	287
ENST00000690330	Q8NH72	A_olfactory	24	47	56	77	99	118	138	156	194	217	234	256	268	287
ENST00000641692	Q8NH73	A_olfactory	24	47	56	77	99	118	138	156	194	217	234	256	268	287
ENST00000316529	Q8NH76	A_olfactory	32	52	61	81	106	126	146	166	203	223	244	263	278	298
ENST00000327930	Q8NH79	A_olfactory	24	44	53	73	98	118	138	158	196	215	236	256	270	290
ENST00000318666	Q8NH80	A_olfactory	27	47	58	78	98	118	140	160	198	218	240	260	267	287
ENST00000307002	Q8NH81	A_olfactory	47	67	76	96	121	141	161	181	219	238	259	279	291	311
ENST00000319760	Q8NH83	A_olfactory	24	47	56	77	99	118	138	156	193	216	233	255	267	286
ENST00000623286	Q8NH85	A_olfactory	26	46	55	75	100	120	140	160	197	217	238	258	272	292
ENST00000642097	Q8NH87	A_olfactory	25	45	54	74	99	119	139	159	197	216	237	257	271	291
ENST00000326855	Q8NH90	A_olfactory	26	46	55	75	100	120	134	154	197	217	238	258	272	292
ENST00000641544	Q8NH92	A_olfactory	39	62	71	92	114	133	153	171	209	232	250	272	286	305
ENST00000373686	Q8NH94	A_olfactory	76	99	108	129	151	170	190	208	247	269	287	309	322	341
ENST00000332650	Q8NHB7	A_olfactory	26	46	55	75	100	120	140	160	197	217	238	258	272	292
ENST00000427338	Q8NHB8	A_olfactory	26	46	55	75	100	120	140	160	197	217	238	258	272	292
ENST00000334857	Q8NHC4	A_olfactory	26	46	55	75	100	120	140	160	197	216	237	257	271	291
ENST00000641093	Q8NHC5	A_olfactory	24	44	53	73	98	118	132	152	195	215	236	255	269	289
ENST00000317861	Q8NHC7	A_olfactory	24	44	53	73	98	118	138	158	195	215	236	256	270	290
ENST00000641644	Q8NHC8	A_olfactory	29	49	58	78	99	119	146	166	204	224	237	257	272	292
ENST00000303786	Q8TCW9	A_nonolfactory	63	83	99	119	147	167	181	201	233	253	283	303	323	343
ENST00000328880	Q8TDS4	A_nonolfactory	34	54	64	84	103	123	143	163	193	213	230	250	274	294
ENST00000378661	Q8TDS5	A_nonolfactory	59	79	88	108	130	152	173	193	216	236	257	277	298	318
ENST00000309106	Q8TDS7	A_nonolfactory	34	54	60	80	113	133	143	163	185	205	219	239	258	280
ENST00000312457	Q8TDT2	A_nonolfactory	34	54	66	86	106	126	149	169	195	215	258	278	282	302
ENST00000521462	Q8TDU6	A_nonolfactory	20	40	51	71	86	106	126	146	166	186	229	249	262	282
ENST00000311104	Q8TDV0	A_nonolfactory	42	62	72	92	117	137	154	174	202	222	253	273	287	307
ENST00000309926	Q8TDV2	A_nonolfactory	52	72	86	106	131	151	166	186	215	235	262	282	300	322
ENST00000276218	Q8TDV5	A_nonolfactory	13	33	38	58	82	102	126	146	165	185	227	247	263	283
ENST00000408947	P59535	Taste	15	35	59	79	101	121	141	162	191	211	248	268	277	297
ENST00000408916	P59536	Taste	8	28	41	61	89	109	130	150	184	204	235	255	265	285
ENST00000531678	P59537	Taste	2	22	47	67	87	107	127	147	179	199	230	250	260	280
ENST00000390675	P59538	Taste	3	23	56	76	101	121	127	147	182	202	230	250	260	280
ENST00000533467	P59540	Taste	2	22	47	67	87	107	127	147	179	199	230	250	260	280
ENST00000539585	P59541	Taste	2	22	47	67	87	107	127	147	179	199	230	250	260	280
ENST00000390673	P59542	Taste	2	22	56	76	88	108	128	148	182	202	227	247	260	280
ENST00000538986	P59543	Taste	7	27	47	67	80	100	126	146	179	199	230	250	260	280
ENST00000506868	P59544	Taste	2	22	56	76	88	108	127	147	182	202	230	250	260	280
ENST00000641386	Q8NGC6	A_olfactory	26	49	58	79	101	120	140	158	196	219	236	258	270	289
ENST00000241393	P61073	A_nonolfactory	39	63	78	99	111	130	155	174	196	216	242	261	283	302
ENST00000555147	Q01726	A_nonolfactory	38	63	73	93	119	140	164	183	192	211	241	266	280	300
ENST00000306051	Q13258	A_nonolfactory	22	42	60	80	108	128	151	171	196	216	263	283	311	331
ENST00000393018	Q13304	A_nonolfactory	65	85	93	113	134	154	176	196	224	244	261	281	309	329
ENST00000471646	Q13324	B	109	139	147	171	186	214	222	249	266	291	303	327	335	364
ENST00000218316	Q13585	A_nonolfactory	31	51	65	85	104	124	144	164	189	209	240	260	274	294
ENST00000301532	Q13606	A_olfactory	28	48	57	77	102	122	142	162	199	219	240	260	274	294
ENST00000624504	Q13607	A_olfactory	25	48	58	79	101	120	140	160	201	222	237	261	273	292
ENST00000416594	Q14330	A_nonolfactory	27	47	57	77	96	116	139	159	192	212	233	253	269	289
ENST00000561100	Q14439	A_nonolfactory	43	63	83	103	119	139	161	181	208	228	268	288	300	320
ENST00000538328	Q15077	A_nonolfactory	28	48	63	83	102	122	145	165	195	215	237	257	281	303
ENST00000424796	Q15391	A_nonolfactory	30	50	56	76	97	117	140	160	189	209	235	255	279	299
ENST00000641449	Q15615	A_olfactory	26	49	58	79	101	120	140	158	196	219	236	258	270	289
ENST00000641972	Q15617	A_olfactory	26	46	55	75	100	120	140	160	198	217	238	258	272	292
ENST00000328064	Q15620	A_olfactory	26	46	55	75	100	120	140	160	198	217	238	258	272	292
ENST00000594432	Q15622	A_olfactory	26	46	55	75	100	120	140	160	198	217	238	258	272	292
ENST00000396782	Q15722	A_nonolfactory	20	42	55	75	92	113	139	159	179	199	222	242	269	289
ENST00000506953	Q15761	A_nonolfactory	43	63	78	98	118	138	157	177	209	229	370	390	408	428
ENST00000311268	Q16538	A_nonolfactory	18	38	50	70	92	112	134	154	175	195	276	296	304	324
ENST00000307637	Q16581	A_nonolfactory	24	46	58	80	97	118	140	160	341	360	378	400	418	438
ENST00000399285	Q49SQ1	A_nonolfactory	31	53	65	86	104	124	144	165	210	230	247	268	284	303
ENST00000641527	Q5JQS5	A_olfactory	30	53	62	83	105	124	144	162	200	223	241	263	277	296
ENST00000709165	Q5JRS4	A_olfactory	27	47	56	76	101	121	141	161	199	218	239	259	273	293
ENST00000371481	Q5NUL3	A_nonolfactory	46	66	78	98	113	133	157	177	205	225	269	289	296	316
ENST00000641501	Q5TZ20	A_olfactory	26	49	58	79	101	120	140	158	196	219	237	259	273	292
ENST00000377411	Q5UAW9	B	16	36	49	69	88	108	120	140	167	187	227	247	259	279
ENST00000526538	Q6IEU7	A_olfactory	26	46	55	75	100	120	140	160	197	217	238	258	272	292
ENST00000641580	Q6IEV9	A_olfactory	24	47	56	77	99	118	138	156	194	217	234	256	268	287
ENST00000332831	Q6IEY1	A_olfactory	26	49	58	79	101	120	140	158	196	219	236	258	270	289
ENST00000641363	Q6IEZ7	A_olfactory	30	53	62	83	105	124	144	162	200	223	241	263	277	296
ENST00000641925	Q6IF00	A_olfactory	27	50	59	80	102	121	141	159	197	220	238	260	274	293
ENST00000311352	Q6IF63	A_olfactory	31	51	60	80	105	125	145	165	202	222	243	263	280	300
ENST00000446524	Q6IF82	A_olfactory	24	47	56	77	99	118	138	156	194	217	234	256	268	287
ENST00000537935	Q6IFG1	A_olfactory	31	51	60	80	102	122	145	165	200	220	241	261	275	295
ENST00000319423	Q6IFH4	A_olfactory	26	46	55	75	100	120	140	160	197	217	238	258	272	292
ENST00000371211	Q6U736	A_nonolfactory	34	54	75	95	109	129	151	171	198	218	253	273	289	309
ENST00000360581	Q6W5P4	A_nonolfactory	53	73	83	103	124	144	165	185	213	233	276	296	313	333
ENST00000334266	Q7RTR8	Taste	8	28	51	71	102	122	128	148	188	208	239	259	266	286
ENST00000360358	Q7Z3T1	A_olfactory	26	49	58	79	101	120	140	158	196	219	237	259	273	292
ENST00000709096	Q7Z5H4	Vomeronasal	4	24	53	73	82	102	131	151	164	184	270	290	301	321
ENST00000311170	Q7Z5H5	Vomeronasal	6	26	49	69	89	109	127	147	186	206	235	255	265	285
ENST00000335666	Q7Z601	A_nonolfactory	153	173	196	216	234	254	279	299	317	337	358	378	398	418
ENST00000447769	Q7Z602	A_nonolfactory	23	43	51	71	90	110	132	152	184	204	228	248	268	288
ENST00000389832	Q86SM8	A_nonolfactory	21	41	60	80	107	127	142	162	177	197	218	238	242	262
ENST00000392607	Q86SQ6	B	20	40	54	74	85	105	135	155	176	196	258	278	285	305
ENST00000381297	Q86VZ1	A_nonolfactory	20	40	58	78	89	109	139	159	188	208	238	258	276	296
ENST00000641086	Q8IXE1	A_olfactory	26	49	58	79	101	120	140	158	196	219	236	258	270	289
ENST00000267549	Q8IYL9	A_nonolfactory	16	36	51	71	90	110	130	150	181	201	228	248	274	294
ENST00000328795	Q8N0Y3	A_olfactory	26	49	58	79	101	120	140	158	196	219	236	258	270	289
ENST00000302124	Q8N0Y5	A_olfactory	26	46	55	75	100	120	140	160	197	216	237	257	271	291
ENST00000641320	Q8N127	A_olfactory	26	46	55	75	100	120	134	154	197	217	238	258	272	292
ENST00000313472	Q8N146	A_olfactory	27	47	56	76	100	120	140	160	198	217	238	258	272	292
ENST00000418316	Q8N148	A_olfactory	24	44	53	73	98	118	138	158	196	215	236	256	270	290
ENST00000641714	Q8N349	A_olfactory	25	48	57	78	100	119	139	157	195	218	236	258	272	291
ENST00000641802	Q8N628	A_olfactory	27	50	59	80	102	121	141	159	197	220	238	260	274	293
ENST00000367835	Q8N6U8	A_nonolfactory	31	51	65	85	102	123	144	164	191	211	270	290	307	327
ENST00000014914	Q8NFJ5	C	34	54	69	89	98	118	130	150	177	197	213	233	248	268
ENST00000217270	Q8NFJ6	A_nonolfactory	55	75	90	110	137	157	172	192	224	244	274	294	314	334
ENST00000464295	Q8NFN8	C	48	68	87	107	119	139	165	185	223	243	258	278	289	309
ENST00000341702	Q8NFZ6	Vomeronasal	92	114	126	145	164	189	211	231	261	282	317	340	347	369
ENST00000641665	Q8NG75	A_olfactory	38	58	67	87	112	132	152	172	209	229	250	270	284	304
ENST00000318021	Q8NG76	A_olfactory	24	47	56	77	99	118	138	156	194	217	235	257	271	290
ENST00000641276	Q8NG77	A_olfactory	24	47	56	77	99	118	138	156	194	217	235	257	271	290
ENST00000641992	Q8NG78	A_olfactory	61	81	90	110	135	155	175	195	233	252	273	293	307	327
ENST00000317965	Q8NG81	A_olfactory	26	49	58	79	101	120	140	158	196	219	237	259	273	292
ENST00000456743	Q8NG83	A_olfactory	26	49	58	79	101	120	140	158	196	219	237	259	273	292
ENST00000366480	Q8NG84	A_olfactory	41	64	73	94	116	135	155	173	211	234	252	274	288	307
ENST00000641161	Q8NG85	A_olfactory	25	48	57	78	100	119	139	157	195	218	236	258	272	291
ENST00000338616	Q8NG92	A_olfactory	26	46	55	75	100	120	140	159	197	216	237	257	271	291
ENST00000643195	Q8NG94	A_olfactory	45	65	73	93	113	133	159	179	217	237	260	280	288	308
ENST00000614722	Q8NGB6	A_olfactory	26	49	58	79	101	120	140	158	196	219	238	260	272	291
ENST00000641125	Q8NG97	A_olfactory	26	49	58	79	101	120	140	158	196	219	237	259	273	292
ENST00000641081	Q8NG99	A_olfactory	26	46	55	75	100	120	140	160	198	217	238	258	272	292
ENST00000541538	Q8NGA0	A_olfactory	30	50	58	78	98	118	134	154	197	217	245	265	270	290
ENST00000429566	Q8NGA1	A_olfactory	26	49	58	79	101	120	140	158	197	219	237	259	273	292
ENST00000322107	Q8NGA5	A_olfactory	27	47	56	76	101	121	141	161	199	219	240	260	274	294
ENST00000308940	Q8NGA6	A_olfactory	26	46	55	75	100	120	140	160	198	218	239	259	273	293
ENST00000318050	Q8NGA8	A_olfactory	19	42	51	72	94	113	133	151	189	212	229	251	263	282
ENST00000319813	Q8NGB2	A_olfactory	47	70	79	100	122	141	161	179	217	240	249	271	283	302
ENST00000319988	Q8NGB4	A_olfactory	24	47	56	77	99	118	138	156	194	217	234	256	268	287
ENST00000305444	Q8NG95	A_olfactory	26	46	55	75	100	120	140	160	198	217	238	258	272	292
ENST00000332238	Q8NGB8	A_olfactory	26	49	58	79	101	120	140	158	196	219	236	258	270	289
ENST00000328882	Q8NGB9	A_olfactory	26	49	58	79	101	120	140	158	196	219	236	258	270	289
ENST00000641822	Q8NGC0	A_olfactory	80	100	117	139	151	171	195	215	248	268	291	311	323	343
ENST00000641879	Q8NGC1	A_olfactory	63	83	93	113	136	156	182	202	242	264	276	296	310	330
ENST00000641524	Q8NGC2	A_olfactory	26	49	58	79	101	120	140	158	196	219	236	258	270	289
ENST00000542433	Q8NGC3	A_olfactory	30	50	59	80	105	125	145	165	203	222	243	263	275	295
ENST00000641185	Q8NGC4	A_olfactory	26	46	55	76	101	121	141	161	199	218	239	259	271	291
ENST00000540461	Q8NGC5	A_olfactory	25	45	54	74	99	119	139	159	197	216	237	257	271	291
ENST00000449591	P60893	A_nonolfactory	26	46	58	78	97	117	138	158	189	209	287	307	314	334
ENST00000313135	Q9UKP6	A_nonolfactory	55	77	88	113	125	146	168	186	210	232	259	284	298	318
ENST00000539291	Q9UNW8	A_nonolfactory	46	68	80	102	117	138	159	178	198	220	247	269	289	311
ENST00000649219	Q9UPC5	A_nonolfactory	62	82	89	109	129	149	172	192	217	237	270	290	311	331
ENST00000392040	Q9Y2T6	A_nonolfactory	22	42	59	79	95	115	138	158	181	201	232	252	272	292
ENST00000334920	Q9Y4A9	A_olfactory	26	46	55	75	100	120	140	160	198	218	239	259	273	293
ENST00000381951	Q9Y585	A_olfactory	26	49	58	79	101	120	140	158	196	218	236	258	271	290
ENST00000340177	Q9Y5N1	A_nonolfactory	40	60	71	91	109	129	157	177	197	217	360	380	396	416
ENST00000380224	Q9Y5P0	A_olfactory	24	44	53	73	98	117	137	157	194	214	235	255	271	291
ENST00000308744	Q9Y5X5	A_nonolfactory	148	168	185	205	222	242	263	283	320	340	378	398	414	434
ENST00000332539	Q9Y5Y4	A_nonolfactory	34	56	68	89	107	127	147	168	211	231	248	269	289	308
ENST00000304374	P21918	A_nonolfactory	40	66	78	104	115	136	159	180	224	246	297	320	341	360
ENST00000624694	P25021	A_nonolfactory	23	44	58	81	93	114	135	159	181	204	235	258	268	289
ENST00000318507	P25025	A_nonolfactory	49	75	85	105	121	142	164	183	209	231	252	273	295	315
ENST00000595991	P25089	A_nonolfactory	28	50	62	83	101	121	141	162	206	226	243	266	287	306
ENST00000598776	P25090	A_nonolfactory	28	50	62	83	101	121	141	162	206	226	243	266	287	306
ENST00000379453	P25100	A_nonolfactory	96	121	134	159	170	192	214	238	252	275	349	373	381	405
ENST00000305249	P25103	A_nonolfactory	32	54	65	86	107	128	149	169	195	219	249	270	284	308
ENST00000539896	P25105	A_nonolfactory	17	38	55	74	92	113	134	155	185	205	234	254	277	296
ENST00000272928	P25106	A_nonolfactory	41	61	82	102	119	139	163	183	214	234	253	273	297	319
ENST00000296533	P25929	A_nonolfactory	45	65	77	97	117	137	155	175	212	232	261	281	300	320
ENST00000374619	P28221	A_nonolfactory	39	64	76	98	113	134	155	176	195	217	303	326	336	360
ENST00000369947	P28222	A_nonolfactory	50	75	85	110	124	145	166	187	206	228	316	336	350	371
ENST00000276198	P28335	A_nonolfactory	53	78	90	110	128	150	171	193	214	235	312	333	349	371
ENST00000305344	P28566	A_nonolfactory	23	47	60	82	97	118	139	159	180	202	292	314	325	347
ENST00000618076	P29274	A_nonolfactory	8	32	43	66	78	100	121	143	174	198	235	258	267	290
ENST00000304883	P29371	A_nonolfactory	85	107	118	139	160	181	202	222	246	270	300	321	335	359
ENST00000554311	P30411	A_nonolfactory	61	84	94	118	132	153	176	198	222	248	268	292	312	335
ENST00000337474	P30518	A_nonolfactory	39	63	78	98	114	135	160	180	201	220	272	293	309	328
ENST00000337894	P30542	A_nonolfactory	11	33	47	69	81	102	124	146	177	201	236	259	268	292
ENST00000380289	P30550	A_nonolfactory	39	62	77	96	115	136	153	174	209	234	265	285	299	325
ENST00000402260	P30556	A_nonolfactory	26	55	62	89	99	125	142	165	191	216	240	268	279	304
ENST00000316793	P30559	A_nonolfactory	39	63	75	97	114	135	155	175	203	225	276	294	310	332
ENST00000267377	P30872	A_nonolfactory	57	84	95	120	132	153	176	196	220	244	271	296	304	327
ENST00000357585	P30874	A_nonolfactory	44	67	79	103	119	138	162	181	208	229	254	278	289	303
ENST00000319595	P30939	A_nonolfactory	30	50	61	83	98	118	141	161	179	201	291	311	330	350
ENST00000322608	P30953	A_olfactory	26	49	58	79	101	120	140	158	196	219	237	259	273	292
ENST00000641630	P30954	A_olfactory	37	57	66	86	111	131	151	171	208	227	248	268	282	302
ENST00000226413	P30968	A_nonolfactory	39	58	78	97	116	137	165	184	213	232	282	300	307	326
ENST00000255008	P31391	A_nonolfactory	47	73	84	104	121	142	162	185	209	232	261	280	292	314
ENST00000295589	P32238	A_nonolfactory	42	67	78	104	116	137	158	178	211	234	314	334	350	373
ENST00000334619	P32239	A_nonolfactory	58	79	88	109	132	150	171	189	220	242	334	355	374	394
ENST00000296140	P32246	A_nonolfactory	35	60	65	91	108	129	147	171	198	223	240	264	282	305
ENST00000370648	P32247	A_nonolfactory	42	63	83	103	122	143	164	184	221	241	273	293	314	333
ENST00000376414	P32249	A_nonolfactory	32	57	78	95	106	127	150	168	193	215	242	265	288	312
ENST00000292174	P32302	A_nonolfactory	56	76	89	109	125	145	168	188	220	240	260	280	305	325
ENST00000617123	P32745	A_nonolfactory	44	69	80	101	117	138	162	181	206	231	258	279	294	316
ENST00000374472	P34972	A_nonolfactory	34	59	72	92	105	129	150	172	189	214	247	267	280	301
ENST00000311762	P34981	A_nonolfactory	29	51	62	83	100	121	145	168	194	215	267	288	297	319
ENST00000641833	P34982	A_olfactory	26	49	58	79	101	120	140	158	197	219	237	259	272	291
ENST00000292513	P34995	A_nonolfactory	36	62	73	96	112	133	156	177	202	227	295	321	333	354
ENST00000380573	P35348	A_nonolfactory	28	51	65	88	100	122	144	167	182	205	274	297	306	329
ENST00000397056	P35367	A_nonolfactory	30	52	63	83	102	123	144	164	190	210	417	438	451	470
ENST00000306675	P35368	A_nonolfactory	46	70	84	105	116	141	162	184	202	224	296	319	327	351
ENST00000330432	P35372	A_nonolfactory	69	93	107	131	143	165	186	207	231	255	280	306	315	338
ENST00000302472	P35408	A_nonolfactory	20	43	56	79	97	115	136	160	185	211	268	295	313	332
ENST00000377127	P35410	A_nonolfactory	78	101	110	136	155	169	192	207	222	248	265	286	298	317
ENST00000606794	P35414	A_nonolfactory	27	51	67	91	101	125	145	166	201	221	245	271	285	308
ENST00000467632	P35462	A_nonolfactory	33	55	66	88	105	126	150	170	188	209	330	351	367	386
ENST00000299178	P37288	A_nonolfactory	53	76	89	110	126	147	169	190	219	239	294	313	332	351
ENST00000234961	P41143	A_nonolfactory	48	75	86	110	123	144	164	186	207	238	262	284	300	321
ENST00000520287	P41145	A_nonolfactory	58	85	96	119	133	154	174	196	223	247	275	296	312	333
ENST00000349451	P41146	A_nonolfactory	49	74	88	109	125	146	166	188	212	236	265	285	301	322
ENST00000393596	P41231	A_nonolfactory	33	59	71	93	111	129	153	172	195	220	247	269	288	309
ENST00000400888	P41597	A_nonolfactory	43	70	81	100	115	136	154	178	207	226	244	268	286	309
ENST00000243911	P41968	A_nonolfactory	38	63	76	100	119	140	161	181	187	210	246	268	278	301
ENST00000370757	P43088	A_nonolfactory	32	54	70	90	110	131	153	175	199	224	251	267	286	307
ENST00000306666	P43115	A_nonolfactory	54	78	92	112	132	153	176	197	228	253	284	307	328	349
ENST00000245457	P43116	A_nonolfactory	24	47	66	91	112	132	152	176	199	223	263	286	300	323
ENST00000291294	P43119	A_nonolfactory	17	38	52	76	95	115	135	158	182	208	236	260	275	295
ENST00000345941	P43657	A_nonolfactory	20	46	56	79	93	112	134	154	182	209	228	253	273	292
ENST00000374024	P46089	A_nonolfactory	43	62	75	98	111	132	154	173	199	217	246	272	278	299
ENST00000437420	P46091	A_nonolfactory	42	62	74	94	113	133	155	175	211	231	248	268	287	307
ENST00000332438	P46092	A_nonolfactory	53	68	79	99	115	136	160	179	204	225	248	269	291	313
ENST00000323040	P46093	A_nonolfactory	18	42	55	76	92	113	133	154	180	201	225	245	264	284
ENST00000395946	P46094	A_nonolfactory	32	59	70	89	104	125	143	167	191	209	226	250	268	291
ENST00000611804	P46663	A_nonolfactory	41	64	74	98	112	133	156	178	200	226	248	272	292	314
ENST00000299727	P47211	A_nonolfactory	37	57	71	91	110	131	152	172	201	221	249	269	272	292
ENST00000381436	P47775	A_nonolfactory	49	69	78	98	114	134	159	179	200	220	253	273	283	303
ENST00000652092	P47804	A_nonolfactory	16	36	53	73	92	112	131	151	176	196	220	240	248	268
ENST00000323404	P47881	A_olfactory	29	52	61	82	104	123	144	161	200	223	241	264	276	295
ENST00000248384	P47887	A_olfactory	26	49	58	79	101	120	149	167	206	228	246	269	282	301
ENST00000641141	P47888	A_olfactory	35	58	67	88	110	129	150	167	206	228	246	268	282	301
ENST00000328890	P47890	A_olfactory	26	49	58	79	101	120	141	158	197	219	237	259	273	292
ENST00000287907	P47898	A_nonolfactory	41	63	79	99	116	137	159	181	199	219	283	303	321	341
ENST00000305097	P47900	A_nonolfactory	52	74	88	109	126	147	167	188	215	237	261	284	304	325
ENST00000307161	P48039	A_nonolfactory	30	50	64	84	103	123	143	163	188	208	241	261	275	295
ENST00000674939	P48145	A_nonolfactory	38	61	73	97	113	132	158	177	203	224	249	273	284	298
ENST00000369768	P48146	A_nonolfactory	46	69	81	105	121	140	166	185	212	233	258	282	293	307
ENST00000528880	P49019	A_nonolfactory	29	50	64	85	103	123	143	163	195	209	237	256	274	298
ENST00000506608	P49146	A_nonolfactory	52	72	87	107	125	145	166	186	217	237	269	289	305	325
ENST00000399220	P49238	A_nonolfactory	32	59	70	90	104	125	143	167	196	215	232	256	274	297
ENST00000257068	P49286	A_nonolfactory	43	63	77	97	116	136	156	176	201	221	254	274	288	308
ENST00000373693	P49682	A_nonolfactory	54	80	90	110	126	147	170	189	213	233	256	277	299	321
ENST00000636925	P49683	A_nonolfactory	63	83	102	122	127	147	176	196	226	246	277	297	318	338
ENST00000284311	P49685	A_nonolfactory	34	54	70	90	121	141	150	170	193	213	240	260	285	305
ENST00000681852	P50052	A_nonolfactory	46	70	81	104	115	140	160	181	207	232	258	281	295	320
ENST00000289753	P50406	A_nonolfactory	35	57	65	85	101	122	145	166	185	208	266	290	296	320
ENST00000374519	P51582	A_nonolfactory	35	61	73	95	113	131	155	174	197	222	247	269	288	309
ENST00000395942	P51677	A_nonolfactory	35	62	73	93	108	129	147	171	204	223	240	264	282	305
ENST00000330953	P51679	A_nonolfactory	40	67	78	98	112	133	151	175	207	226	243	267	285	308
ENST00000445772	P51681	A_nonolfactory	31	58	69	89	103	124	142	166	199	218	236	260	278	301
ENST00000349984	P51684	A_nonolfactory	48	74	84	104	120	141	160	180	212	238	255	279	304	321
ENST00000326306	P51685	A_nonolfactory	36	63	74	93	108	129	147	171	203	222	239	263	281	304
ENST00000357632	P51686	A_nonolfactory	49	74	86	109	121	150	160	185	209	243	249	283	291	321
ENST00000467482	P51810	Unknown	29	49	79	99	125	145	150	170	192	212	249	269	293	313
ENST00000575751	P58170	A_olfactory	26	49	58	79	101	120	141	158	197	220	238	260	272	291
ENST00000641866	P58180	A_olfactory	26	49	58	79	101	120	140	158	196	219	236	258	270	289
ENST00000642047	P58181	A_olfactory	26	46	55	75	100	120	140	160	198	217	238	258	272	292
ENST00000547270	P59533	Taste	18	38	56	76	95	115	143	163	191	211	252	272	277	297
ENST00000446620	P59534	Taste	31	51	75	95	117	137	157	177	206	226	263	283	292	312
ENST00000298386	Q8WXD0	A_nonolfactory	417	437	456	476	496	518	538	558	593	613	640	660	671	691
ENST00000357821	Q8WZ84	A_olfactory	26	46	55	75	100	120	140	160	198	217	238	258	272	292
ENST00000329434	Q8WZ92	A_olfactory	29	42	51	71	96	116	136	156	193	213	234	254	268	288
ENST00000641167	Q8WZ94	A_olfactory	26	46	55	75	100	120	140	160	197	217	238	258	272	292
ENST00000241256	Q92847	A_nonolfactory	41	66	73	96	118	139	163	183	212	235	264	285	303	326
ENST00000234371	Q969F8	A_nonolfactory	47	67	79	101	121	138	158	178	203	223	264	284	306	328
ENST00000275200	Q969N4	A_nonolfactory	32	52	68	88	112	132	147	167	196	216	259	279	281	301
ENST00000369212	Q969V1	A_nonolfactory	40	60	70	90	105	129	155	175	201	221	253	273	289	309
ENST00000309099	Q96AM1	A_nonolfactory	45	66	83	104	124	144	161	181	199	220	242	263	274	294
ENST00000397095	Q96CH1	A_nonolfactory	31	51	66	86	103	123	147	167	190	210	234	254	280	300
ENST00000321826	Q96G91	A_nonolfactory	30	50	65	85	117	137	147	167	207	227	246	266	309	329
ENST00000444197	Q96KK4	A_olfactory	25	45	54	74	99	119	139	159	197	216	237	257	271	291
ENST00000314254	Q96LA9	A_nonolfactory	32	52	61	81	97	117	138	158	178	198	219	239	255	275
ENST00000621697	Q96LB0	A_nonolfactory	32	52	61	81	97	117	141	161	178	198	214	234	255	275
ENST00000302797	Q96LB2	A_nonolfactory	32	52	68	88	97	117	145	165	178	198	222	242	255	275
ENST00000394427	Q96P65	A_nonolfactory	47	67	82	102	121	141	163	183	213	233	272	292	312	332
ENST00000651716	Q96P66	A_nonolfactory	36	56	69	89	107	127	150	170	197	217	400	420	434	454
ENST00000302548	Q96P67	A_nonolfactory	17	39	52	73	90	115	155	175	201	222	251	274	292	312
ENST00000298440	Q96P68	A_nonolfactory	35	55	70	90	117	137	152	172	202	222	243	263	285	305
ENST00000382487	Q96P69	A_nonolfactory	8	28	48	68	81	101	123	143	169	189	243	263	278	297
ENST00000302572	Q96R08	A_olfactory	24	44	53	73	98	118	138	158	195	215	236	256	270	290
ENST00000641868	Q96R27	A_olfactory	26	49	58	79	101	120	140	158	196	219	237	259	273	292
ENST00000641836	Q96R28	A_olfactory	26	49	58	79	101	120	140	158	196	219	237	259	273	292
ENST00000641791	Q96R30	A_olfactory	27	50	59	80	102	121	141	159	197	220	238	260	274	293
ENST00000493325	Q96R45	A_olfactory	25	48	57	78	100	119	139	157	195	218	236	258	272	291
ENST00000408899	Q96R47	A_olfactory	25	48	57	78	100	119	139	157	195	218	236	258	272	291
ENST00000366485	Q96R54	A_olfactory	27	47	56	76	92	112	137	157	194	214	238	258	268	290
ENST00000335238	Q96R67	A_olfactory	24	47	56	77	99	118	138	156	194	217	234	256	268	287
ENST00000344248	Q96RA2	A_olfactory	26	46	55	75	100	120	140	160	198	217	238	258	272	292
ENST00000528616	Q96RB7	A_olfactory	26	46	55	75	99	119	139	159	196	216	237	257	271	291
ENST00000356130	Q96RC9	A_olfactory	26	46	55	75	99	119	139	159	197	216	237	257	271	291
ENST00000379668	Q96RD1	A_olfactory	24	44	53	73	98	118	138	158	196	215	236	256	270	290
ENST00000530810	Q96RD2	A_olfactory	28	48	57	77	102	122	142	162	199	219	240	260	276	296
ENST00000329322	Q96RD3	A_olfactory	28	48	57	77	102	122	142	162	199	218	239	259	275	295
ENST00000275198	Q96RI8	A_nonolfactory	33	53	69	89	108	128	148	168	203	223	260	276	283	302
ENST00000434551	Q96RI9	A_nonolfactory	38	58	69	89	107	128	148	168	198	218	260	280	295	315
ENST00000275216	Q96RJ0	A_nonolfactory	26	46	60	80	99	119	137	157	189	209	253	273	288	308
ENST00000375846	Q99500	A_nonolfactory	41	65	73	101	116	134	154	179	196	216	244	265	282	302
ENST00000397092	Q99527	A_nonolfactory	63	84	97	120	133	153	176	194	221	236	260	280	307	327
ENST00000435339	Q99677	A_nonolfactory	44	64	74	94	113	133	156	176	204	224	255	275	295	315
ENST00000377741	Q99678	A_nonolfactory	49	69	87	107	126	146	169	189	197	217	239	259	276	296
ENST00000304402	Q99680	A_nonolfactory	46	66	86	106	116	136	157	177	209	229	316	336	350	370
ENST00000249016	Q99705	A_nonolfactory	45	67	80	102	117	139	159	181	210	232	253	275	290	312
ENST00000412676	Q99788	A_nonolfactory	42	64	76	97	115	135	155	176	225	245	262	282	301	320
ENST00000325602	Q9BPV8	A_nonolfactory	50	70	78	98	118	138	162	182	212	232	253	273	301	321
ENST00000362032	Q9BXA5	A_nonolfactory	32	52	60	80	104	124	138	158	186	206	231	251	282	302
ENST00000432564	Q9BXC0	A_nonolfactory	22	42	50	70	90	110	131	151	183	203	221	241	262	281
ENST00000645147	Q9BXC1	A_nonolfactory	28	48	54	74	92	112	135	155	183	203	232	252	270	290
ENST00000260843	Q9BY21	A_nonolfactory	48	68	76	96	117	137	160	180	209	229	257	277	298	318
ENST00000322241	Q9BZJ7	A_nonolfactory	19	39	54	74	92	112	130	150	178	198	240	260	273	293
ENST00000616874	Q9BZJ8	A_nonolfactory	45	67	76	98	113	135	156	178	207	229	288	310	325	344
ENST00000303324	Q9GZK3	A_olfactory	26	49	58	79	101	120	140	158	196	219	237	259	273	292
ENST00000396792	Q9GZK4	A_olfactory	24	47	56	77	99	118	138	156	194	217	235	257	271	290
ENST00000377171	Q9GZK6	A_olfactory	27	50	59	80	102	121	141	159	197	220	238	260	274	293
ENST00000377149	Q9GZK7	A_olfactory	28	48	57	77	101	121	141	161	199	218	239	259	273	293
ENST00000624618	Q9GZM6	A_olfactory	26	46	55	75	100	120	140	160	198	217	238	258	272	292
ENST00000321039	Q9GZP7	Vomeronasal	57	77	85	105	133	153	170	190	227	247	275	295	304	324
ENST00000255262	Q9GZQ4	A_nonolfactory	50	70	83	103	124	146	166	186	215	235	266	286	302	322
ENST00000277942	Q9GZQ6	A_nonolfactory	44	64	81	101	118	138	159	179	215	235	272	292	308	328
ENST00000366554	Q9H1Y3	A_nonolfactory	41	65	78	102	118	137	154	177	202	229	256	279	288	312
ENST00000641258	Q9H205	A_olfactory	26	49	58	79	101	120	140	158	196	219	237	259	273	292
ENST00000641461	Q9H208	A_olfactory	13	33	42	62	87	107	127	147	185	204	225	245	259	279
ENST00000379829	Q9H209	A_olfactory	27	47	56	76	101	121	141	161	199	218	239	259	273	293
ENST00000302632	Q9H244	A_nonolfactory	28	50	62	82	98	118	143	162	186	207	234	259	279	298
ENST00000300773	Q9H339	A_olfactory	24	44	53	73	98	118	138	158	195	215	236	256	272	292
ENST00000380219	Q9H340	A_olfactory	24	44	53	73	98	118	138	158	195	215	236	256	272	292
ENST00000328611	Q9H341	A_olfactory	41	61	77	97	111	131	166	186	214	234	253	273	283	303
ENST00000380211	Q9H343	A_olfactory	28	48	57	77	102	122	142	162	199	219	240	260	276	296
ENST00000641930	Q9H344	A_olfactory	26	46	55	75	100	120	140	160	197	217	238	258	274	294
ENST00000322641	Q9H346	A_olfactory	29	49	58	78	103	123	143	163	200	220	241	261	278	298
ENST00000305141	Q9HB89	A_nonolfactory	66	86	98	118	139	161	182	202	236	256	295	315	339	359
ENST00000307765	Q9HBX9	A_nonolfactory	410	430	444	464	487	507	528	548	578	598	630	650	652	672
ENST00000438013	Q9HC97	A_nonolfactory	25	45	57	77	91	112	136	156	175	195	219	239	259	279
ENST00000249887	Q9NPB9	A_nonolfactory	43	63	88	108	114	134	155	175	202	222	241	261	290	310
ENST00000543919	Q9NPC1	A_nonolfactory	25	45	61	81	97	117	141	161	186	206	225	245	276	296
ENST00000341959	Q9NQN1	A_olfactory	27	50	59	80	102	121	141	159	197	220	238	260	280	299
ENST00000551809	Q9NQS5	A_nonolfactory	27	47	58	78	95	115	145	165	181	201	321	341	353	373
ENST00000332582	Q9NS66	A_nonolfactory	27	47	60	80	98	118	140	160	189	209	288	308	323	343
ENST00000304411	Q9NS67	A_nonolfactory	24	44	56	76	98	118	140	160	182	202	286	306	321	341
ENST00000682523	Q9NS75	A_nonolfactory	43	63	73	93	124	144	154	174	205	225	246	266	287	307
ENST00000249284	Q9NYV7	Taste	2	22	42	62	85	105	126	146	183	203	229	249	258	278
ENST00000390677	Q9NYV9	Taste	8	28	56	76	86	106	129	149	185	205	233	253	262	282
ENST00000240619	Q9NYW0	Taste	7	27	43	63	101	121	127	147	180	200	228	248	258	278
ENST00000240691	Q9NYW1	Taste	10	32	53	72	87	109	129	146	181	203	235	257	262	284
ENST00000240615	Q9NYW2	Taste	8	28	51	71	83	103	132	152	185	205	240	260	267	287
ENST00000240687	Q9NYW3	Taste	10	30	56	76	95	115	129	149	188	208	236	256	267	287
ENST00000247883	Q9NYW4	Taste	2	22	46	66	83	103	128	148	176	196	224	244	254	274
ENST00000247879	Q9NYW6	Taste	7	27	43	63	95	115	129	149	187	207	235	255	267	287
ENST00000382492	Q9NYW7	Taste	10	30	56	76	82	102	125	145	179	199	223	243	258	278
ENST00000641740	Q9NZP0	A_olfactory	23	43	52	72	97	117	137	157	195	214	235	255	269	289
ENST00000358642	Q9NZP5	A_olfactory	28	48	57	77	102	122	136	156	199	219	240	260	274	294
ENST00000367931	Q9P1P5	A_nonolfactory	49	69	80	100	119	139	163	183	208	228	264	284	300	322
ENST00000641732	Q9P1Q5	A_olfactory	26	49	58	79	101	120	140	158	196	218	236	258	271	290
ENST00000600626	Q9P296	A_nonolfactory	39	61	73	95	115	137	150	172	203	225	238	260	275	294
ENST00000370611	Q9UBY5	A_nonolfactory	32	52	68	88	102	124	147	167	187	207	241	261	277	297
ENST00000377160	Q9UGF5	A_olfactory	24	44	53	73	98	118	138	158	195	215	236	256	270	290
ENST00000377154	Q9UGF6	A_olfactory	26	46	55	75	100	120	140	160	197	217	238	258	272	292
ENST00000241891	Q9UHM6	A_nonolfactory	73	93	108	128	145	165	189	209	239	259	297	317	333	353
ENST00000355897	Q9UJ42	A_nonolfactory	24	44	59	79	94	114	137	157	178	198	245	265	269	289
ENST00000380367	Q9UKL2	A_olfactory	28	48	57	77	102	122	142	162	200	220	241	261	277	297
ENST00000623441	A0A096LPK9	A_olfactory	27	47	57	77	100	120	144	164	205	225	244	264	269	289
ENST00000332663	A0A0X1KG70	A_olfactory	26	46	58	78	98	118	143	163	205	225	239	259	271	291
ENST00000366476	A3KFT3	A_olfactory	26	49	58	79	101	120	140	158	196	219	237	259	273	292
ENST00000408898	A4D2G3	A_olfactory	25	48	57	78	100	119	139	157	196	218	236	258	272	291
ENST00000342623	A6ND48	A_olfactory	27	47	56	76	93	113	142	162	190	210	242	262	270	290
ENST00000641450	A6NDH6	A_olfactory	29	49	57	77	99	119	144	164	196	216	241	261	272	292
ENST00000548615	A6NDL8	A_olfactory	24	44	56	76	96	116	144	164	198	218	240	260	272	292
ENST00000383695	A6NET4	A_olfactory	26	46	57	77	98	118	144	164	197	217	236	256	270	290
ENST00000358433	A6NF89	A_olfactory	25	45	64	84	96	116	142	162	200	220	238	258	270	290
ENST00000624103	A6NGY5	A_olfactory	38	58	76	96	107	127	150	170	212	232	250	270	280	300
ENST00000641945	A6NH00	A_olfactory	27	47	56	76	97	117	144	164	202	222	235	255	270	290
ENST00000328188	A6NHA9	A_olfactory	24	44	47	67	104	124	142	162	203	223	237	257	267	287
ENST00000437310	A6NHG9	A_olfactory	29	49	57	77	99	119	144	164	196	216	241	261	272	292
ENST00000327335	A6NIJ9	A_olfactory	23	43	64	84	96	116	142	162	195	215	238	258	273	290
ENST00000379665	A6NJZ3	A_olfactory	24	44	64	84	96	116	142	162	195	215	238	258	273	290
ENST00000641874	A6NKK0	A_olfactory	29	49	57	77	99	119	144	164	196	216	241	261	272	292
ENST00000641576	A6NL08	A_olfactory	24	44	64	84	96	116	141	161	195	215	238	258	270	290
ENST00000360374	A6NL26	A_olfactory	27	47	56	76	96	116	138	158	200	220	236	256	271	291
ENST00000641169	A6NM03	A_olfactory	31	51	57	77	98	118	140	160	206	226	245	265	272	292
ENST00000328314	A6NM76	A_olfactory	24	44	58	80	95	115	143	163	196	216	239	259	268	288
ENST00000354924	A6NMS3	A_olfactory	26	46	55	75	98	118	140	160	206	226	241	261	269	289
ENST00000710319	A6NMZ5	A_olfactory	26	46	48	68	101	121	138	158	200	220	234	254	264	284
ENST00000305159	A6NND4	A_olfactory	32	52	63	83	103	123	146	166	201	221	246	266	277	297
ENST00000550708	B2RN74	A_olfactory	45	65	73	93	113	133	159	179	217	237	260	280	288	308
ENST00000304244	O00155	A_nonolfactory	40	60	76	96	127	147	156	176	201	220	243	263	290	310
ENST00000706917	O00222	C	584	608	621	641	648	668	696	716	747	768	782	803	819	843
ENST00000366834	O00270	A_nonolfactory	17	37	53	73	92	110	132	152	181	201	220	240	266	284
ENST00000544091	O00398	A_nonolfactory	40	60	69	89	104	124	150	170	194	214	245	265	289	309
ENST00000400882	O00421	A_nonolfactory	44	64	75	95	105	125	145	165	199	219	239	259	287	307
ENST00000457814	O00574	A_nonolfactory	33	59	69	89	104	125	144	164	188	215	232	259	276	293
ENST00000641113	O14581	A_olfactory	26	46	55	75	100	120	140	160	198	217	238	258	272	292
ENST00000617554	O14626	A_nonolfactory	22	42	49	69	90	110	133	153	182	202	225	245	269	289
ENST00000442925	O00590	A_nonolfactory	51	71	93	113	119	140	163	183	218	238	251	271	294	314
ENST00000317735	O14718	A_nonolfactory	27	49	62	87	102	121	141	164	189	212	241	264	273	297
ENST00000258034	O14804	A_nonolfactory	35	55	71	91	110	130	155	175	205	225	254	274	285	307
ENST00000300098	O15218	A_nonolfactory	58	79	91	113	128	149	171	193	218	239	259	280	300	320
ENST00000597214	O15529	A_nonolfactory	20	40	48	68	91	111	133	153	179	199	223	243	259	279
ENST00000246549	O15552	A_nonolfactory	13	33	42	62	85	105	127	147	174	194	220	240	256	276
ENST00000218721	O43193	A_nonolfactory	36	56	75	94	113	134	158	178	247	270	299	320	335	358
ENST00000329321	O43194	A_nonolfactory	35	55	70	89	110	131	152	172	218	242	284	305	324	344
ENST00000329003	O43603	A_nonolfactory	29	49	61	81	100	121	142	162	188	208	238	258	261	281
ENST00000373706	O43613	A_nonolfactory	47	67	83	105	120	140	161	182	214	235	299	321	337	360
ENST00000615358	O43614	A_nonolfactory	55	75	89	110	128	150	171	191	223	243	305	326	343	366
ENST00000304646	O43749	A_olfactory	26	49	58	79	101	120	140	158	197	219	237	259	273	292
ENST00000613540	O43869	A_olfactory	77	97	108	128	149	169	192	212	248	268	287	307	322	342
ENST00000305899	O60403	A_olfactory	26	46	55	75	100	120	140	160	198	218	239	259	273	293
ENST00000641646	O60404	A_olfactory	26	46	55	75	100	120	140	160	198	218	239	259	273	293
ENST00000248072	O60412	A_olfactory	26	46	55	75	100	120	140	160	198	217	237	257	271	291
ENST00000209540	O60431	A_olfactory	26	49	58	79	101	120	140	158	196	219	237	259	273	292
ENST00000249041	O60755	A_nonolfactory	21	41	58	78	97	118	139	159	185	205	237	257	260	280
ENST00000270590	O75388	A_nonolfactory	45	67	79	100	117	137	157	178	221	241	258	280	301	320
ENST00000383653	O76000	A_olfactory	26	49	58	79	101	120	140	158	196	219	237	259	273	292
ENST00000418630	O76001	A_olfactory	29	52	61	82	104	123	143	161	199	222	240	262	276	295
ENST00000427744	O76002	A_olfactory	27	50	59	80	102	121	141	159	197	220	238	260	274	293
ENST00000248073	O76099	A_olfactory	26	46	55	75	100	120	140	160	198	217	238	258	272	292
ENST00000641129	O76100	A_olfactory	26	46	55	75	100	120	140	160	198	217	238	258	272	292
ENST00000408955	O95006	A_olfactory	26	49	58	79	101	120	140	158	196	219	237	259	273	292
ENST00000320901	O95013	A_olfactory	26	49	58	79	101	120	140	158	196	219	236	258	270	289
ENST00000646641	O95136	A_nonolfactory	35	59	67	95	110	128	148	173	190	210	234	255	272	292
ENST00000278409	O95221	A_olfactory	26	46	55	75	100	120	140	160	197	217	238	258	272	292
ENST00000641196	O95222	A_olfactory	27	47	56	76	105	125	145	165	202	222	243	263	277	297
ENST00000306928	O95665	A_nonolfactory	33	55	65	87	110	131	155	176	218	237	298	318	338	358
ENST00000394705	O95800	A_nonolfactory	47	67	87	107	121	141	161	181	206	226	319	339	351	371
ENST00000262441	O95838	B	174	198	211	235	262	285	300	321	340	362	387	405	418	438
ENST00000246115	O95977	A_nonolfactory	51	71	85	105	118	138	162	182	207	227	253	273	289	309
ENST00000249389	P03999	A_nonolfactory	31	55	68	93	108	127	147	170	197	224	247	270	279	303
ENST00000369951	P04000	A_nonolfactory	53	77	90	115	130	149	169	192	219	246	269	292	301	325
ENST00000599405	P0DN78	A_nonolfactory	53	77	90	115	130	149	169	192	219	246	269	292	301	325
ENST00000252660	P04201	A_nonolfactory	37	61	66	86	105	128	150	172	186	206	225	245	264	284
ENST00000305988	P07550	A_nonolfactory	35	58	72	95	107	129	151	174	197	220	275	298	306	329
ENST00000296271	P08100	A_nonolfactory	37	61	74	96	111	133	153	173	203	224	253	274	285	309
ENST00000401861	P08172	A_nonolfactory	23	45	60	80	98	119	140	162	185	209	388	410	419	442
ENST00000682254	P08173	A_nonolfactory	32	54	69	89	107	128	149	171	194	216	402	422	437	456
ENST00000369295	P08588	A_nonolfactory	56	84	94	120	133	154	173	196	223	248	320	349	355	377
ENST00000557872	P08912	A_nonolfactory	30	53	67	87	105	126	147	169	192	214	444	464	479	498
ENST00000710330	P0C617	A_olfactory	45	65	74	94	114	134	158	178	221	241	254	274	288	308
ENST00000710368	P0C623	A_olfactory	27	47	62	84	99	119	143	163	197	217	237	257	269	289
ENST00000710315	P0C629	A_olfactory	30	50	58	78	99	119	150	170	203	223	238	254	273	292
ENST00000641792	P0C645	A_olfactory	34	54	62	82	102	122	144	164	209	229	241	261	273	293
ENST00000627176	P0C7N1	A_olfactory	29	49	57	77	98	118	123	143	205	225	240	260	272	292
ENST00000626074	P0C7N5	A_olfactory	29	49	57	77	98	118	144	164	205	225	240	260	273	293
ENST00000571130	P0C7N8	A_olfactory	28	48	65	85	97	117	139	159	201	221	240	260	272	291
ENST00000626837	P0C7T2	A_olfactory	18	40	52	74	89	109	131	151	189	209	236	256	263	283
ENST00000532411	P0C7T3	A_olfactory	34	54	68	88	101	121	147	167	204	224	247	267	277	297
ENST00000241356	P0DMS8	A_nonolfactory	15	37	49	72	85	106	127	148	178	198	232	255	262	284
ENST00000703726	P0DN82	A_olfactory	24	44	56	76	98	118	142	162	204	224	239	259	271	291
ENST00000613306	P0DQD5	A_nonolfactory	40	60	88	108	117	137	156	176	213	233	264	284	302	322
ENST00000306960	P11229	A_nonolfactory	23	48	63	84	96	121	143	164	186	209	367	390	398	420
ENST00000345060	P13945	A_nonolfactory	37	63	73	91	112	133	156	178	204	225	293	314	327	347
ENST00000542968	P14416	A_nonolfactory	38	60	71	93	109	130	152	172	189	213	374	395	410	431
ENST00000620793	P18089	A_nonolfactory	13	38	49	69	87	107	129	149	173	193	369	389	406	426
ENST00000330055	P18825	A_nonolfactory	52	76	89	114	125	147	169	191	208	231	380	407	421	441
ENST00000255380	P20309	A_nonolfactory	68	91	105	130	143	164	185	206	230	252	492	514	527	546
ENST00000648480	P21453	A_nonolfactory	47	68	83	104	117	138	161	182	197	224	258	278	290	310
ENST00000594900	P21462	A_nonolfactory	28	50	62	83	101	121	141	162	206	226	243	266	286	305
ENST00000551417	P21554	A_nonolfactory	117	142	155	175	188	212	233	255	274	299	345	365	378	399
ENST00000393752	P21728	A_nonolfactory	24	49	61	87	97	119	139	163	193	218	273	299	313	337
ENST00000355085	P21730	A_nonolfactory	38	64	70	93	111	132	154	174	201	226	243	265	283	303
ENST00000375190	P21731	A_nonolfactory	30	52	67	87	107	128	150	172	194	219	247	270	290	311
ENST00000176183	P21917	A_nonolfactory	30	50	72	92	111	131	153	173	193	213	347	367	383	403
ENST00000296641	O00254	A_nonolfactory	95	120	129	148	168	189	207	230	261	280	298	322	337	361
ENST00000303921	O15354	A_nonolfactory	266	286	300	320	336	356	380	400	444	464	494	514	532	552
ENST00000358755	O60353	F	202	222	234	254	285	305	325	345	371	391	417	437	474	494
ENST00000367282	O60883	A_nonolfactory	135	155	168	188	206	226	252	272	311	331	362	382	399	419
ENST00000266674	O75473	A_nonolfactory	562	582	594	614	639	659	683	703	723	743	768	788	803	823
ENST00000294954	P22888	A_nonolfactory	364	385	396	416	440	462	483	505	526	549	571	594	606	627
ENST00000406846	P23945	A_nonolfactory	367	387	399	421	444	465	486	508	529	550	574	597	609	630
ENST00000475537	P24530	A_nonolfactory	102	126	138	163	176	197	219	243	272	296	325	350	363	389
ENST00000324300	P25101	A_nonolfactory	81	102	113	132	160	181	206	229	257	278	307	328	348	372
ENST00000394441	P30988	B	153	173	187	207	234	254	259	279	297	317	341	361	374	394
ENST00000246657	P32248	A_nonolfactory	60	86	96	116	131	152	171	191	220	247	264	289	314	331
ENST00000398285	P34998	B	112	142	150	174	190	218	226	253	270	295	307	331	339	368
ENST00000304166	P41586	B	156	178	187	205	228	253	269	291	310	332	351	371	386	405
ENST00000262178	P41587	B	127	151	159	178	204	227	241	262	280	303	329	348	361	380
ENST00000373256	P43220	B	140	164	176	201	228	251	266	290	306	328	349	370	384	404
ENST00000400723	P47871	B	137	161	174	198	226	249	264	285	304	326	351	369	382	402
ENST00000019103	P47872	B	144	167	175	194	217	240	255	276	295	317	344	362	370	392
ENST00000242786	P48960	B	553	572	582	601	621	642	654	674	692	712	740	760	767	789
ENST00000272847	P49190	B	146	169	177	196	238	260	276	297	317	337	365	383	395	417
ENST00000296677	P55085	A_nonolfactory	72	101	109	137	150	177	184	211	236	269	278	317	324	347
ENST00000326139	Q02643	B	131	151	168	188	211	231	241	261	284	304	332	352	358	378
ENST00000312053	Q14246	B	600	627	635	656	667	690	710	731	748	776	795	814	830	852
ENST00000395052	Q14416	C	568	590	605	625	637	655	680	700	726	747	761	783	794	819
ENST00000357716	Q14831	C	591	615	628	648	655	675	703	723	754	775	789	810	826	850
ENST00000361669	Q14832	C	577	599	614	634	646	664	689	709	735	756	770	792	803	828
ENST00000538487	Q14833	C	588	610	625	645	657	675	700	720	751	772	786	808	822	847
ENST00000410068	Q16602	B	147	166	174	193	214	236	254	273	290	313	337	354	367	388
ENST00000371253	Q5T601	B	591	611	625	645	661	681	700	720	745	765	792	812	821	841
ENST00000310357	Q5T6X5	C	595	615	632	652	670	690	705	725	749	769	783	803	811	831
ENST00000261654	Q6QNK2	B	571	591	603	623	634	654	675	695	712	732	761	781	785	805
ENST00000333172	Q7RTX1	Taste	568	588	604	624	640	660	681	701	726	746	762	782	796	816
ENST00000333493	Q86Y34	B	273	293	308	328	348	368	375	395	435	455	489	509	514	534
ENST00000340339	Q8IZF4	B	251	271	291	311	324	344	354	374	414	434	457	479	483	505
ENST00000375371	Q8TE23	Taste	567	587	603	623	636	656	682	702	728	748	761	781	785	805
ENST00000379214	Q9BXB1	A_nonolfactory	545	565	576	596	621	641	662	682	704	724	757	777	784	804
ENST00000253673	Q9BY15	B	358	378	390	410	417	437	465	485	509	529	558	578	581	601
ENST00000370742	Q9HBW9	B	433	453	461	481	500	520	533	553	574	594	619	639	647	667
ENST00000392629	Q9NQ84	C	51	71	86	106	121	141	156	176	209	229	242	262	280	300
ENST00000243673	Q9NYM4	A_nonolfactory	72	92	108	129	146	167	187	208	239	260	294	315	328	348
ENST00000706533	Q9UBS5	C	592	612	632	652	668	688	711	731	769	789	805	825	834	854
ENST00000229030	Q9ULW2	F	226	246	263	283	312	332	352	372	394	414	444	464	503	523
ENST00000565976	Q9Y653	B	403	423	449	469	477	497	519	539	577	597	610	630	637	657
ENST00000344575	O00144	F	230	250	267	287	316	336	356	376	401	421	448	468	509	529
ENST00000286201	O75084	F	257	277	289	309	337	357	380	400	424	444	471	491	529	549
ENST00000259455	O75899	C	484	504	523	543	552	572	598	618	655	675	692	712	721	741
ENST00000319211	P25116	A_nonolfactory	103	128	138	157	177	198	219	239	269	288	312	334	351	374
ENST00000325123	P32241	B	143	167	175	194	217	240	255	276	293	316	342	361	374	393
ENST00000590918	P48546	B	139	161	170	189	218	242	255	278	294	319	342	362	378	398
ENST00000313049	Q03431	B	189	212	220	239	283	306	321	342	362	382	410	428	441	463
ENST00000295417	Q13467	F	239	259	271	291	316	336	359	379	403	423	450	470	501	521
ENST00000283303	Q8IZF3	B	407	427	441	461	486	506	516	536	562	582	607	627	635	655
ENST00000379869	Q8IZP9	B	628	648	668	688	694	714	738	758	790	810	835	855	858	878
ENST00000569847	Q9NZH0	C	57	77	95	115	127	147	163	183	200	220	235	255	272	292
ENST00000315576	Q9UHX3	B	541	561	570	590	606	626	645	665	684	704	736	756	761	781
ENST00000531380	Q9ULV1	F	213	243	250	275	300	333	337	365	384	418	432	460	474	495
ENST00000395116	Q8IZ08	A_nonolfactory	13	33	38	58	82	102	126	146	165	185	227	247	263	283
ENST00000332427	Q15760	A_nonolfactory	70	90	103	123	144	161	183	203	222	242	278	298	310	325
ENST00000258042	P28336	A_nonolfactory	42	65	80	99	118	139	157	177	212	235	267	287	300	327
ENST00000248076	Q96RI0	A_nonolfactory	83	103	109	129	152	172	193	213	248	268	284	304	320	343
ENST00000240093	Q9NPG1	F	206	226	238	258	289	309	329	349	375	395	421	441	478	498
ENST00000249373	Q99835	F	234	254	263	283	315	335	359	379	403	423	452	472	525	545
ENST00000339381	Q7RTX0	Taste	571	591	604	624	640	660	683	703	730	750	763	783	790	810
ENST00000374694	Q9H461	F	276	296	313	333	397	417	440	460	484	504	533	553	585	605
ENST00000367278	Q9HBX8	A_nonolfactory	568	588	599	619	645	665	688	708	728	748	775	795	810	830
ENST00000287934	Q9UP38	F	323	343	355	375	403	423	446	466	490	510	537	557	602	622
ENST00000280155	P08913	A_nonolfactory	49	74	86	111	122	144	167	187	210	232	390	410	425	444
ENST00000370501	P30989	A_nonolfactory	68	88	103	122	143	164	185	205	235	259	304	325	344	364
ENST00000641042	Q6IF99	A_olfactory	26	46	55	75	100	120	140	160	198	217	238	258	272	292
ENST00000377893	Q6NV75	A_nonolfactory	12	32	42	62	85	105	127	147	176	196	244	264	277	297
ENST00000355281	Q8NG80	A_olfactory	25	48	57	78	100	119	139	157	195	218	236	258	272	291
ENST00000317093	Q8NH56	A_olfactory	34	54	63	84	109	129	149	169	206	226	247	267	284	304
ENST00000642108	Q8NH74	A_olfactory	26	46	55	75	100	120	140	160	198	217	238	258	272	292
ENST00000315033	Q9GZN0	A_nonolfactory	36	56	74	94	117	136	159	179	196	216	286	306	311	331
ENST00000330120	Q9NSD7	A_nonolfactory	82	102	120	140	157	177	216	236	271	291	330	350	357	377
ENST00000247881	Q9NYW5	Taste	10	30	47	67	82	102	132	152	173	193	231	251	263	283
ENST00000706946	Q7Z7M1	B	663	683	692	712	721	741	763	783	801	821	858	878	881	901
ENST00000315323	Q14332	F	248	268	280	300	328	348	371	391	415	435	462	482	520	540
ENST00000650031	O15303	C	586	608	623	643	655	673	698	718	749	770	784	806	820	845
